<?xml version="1.0" encoding="UTF-8" standalone="no"?><TIBCOInstallerFeatures>
	
    <productDef buildNumber="V18" buildType="release" hotfixDirToBackup="${tibco.home}/tea/2.3/hotfix" id="tea" name="TIBCO Enterprise Administrator 2.3.0 Hotfix 001" productMMName="shared" productMMVersion="1.0.0" productMachineModel="false" productType="hotfix" targetPlatform="platform-independent" universalinstallerrelease="3.6.3" universalinstallerversion="V4" version="2.3.0.001"/>       
    
    <customVariables>
        <variable name="tea.shortVersion" value="2.3"/>        
        <variable name="tea.home" value="${tibco.home}/tea/${tea.shortVersion}"/>
        <variable name="ems.tea.agent.shortversion" value="1.2"/>
        <variable name="ems.tea.agent.folder" value="ems"/>		
		<variable name="ems.agent.home" value="${tibco.home}/tea/agents/${ems.tea.agent.folder}/${ems.tea.agent.shortversion}"/>
    </customVariables>

	<documentation>
		<licenseTxtFile name="TIB_tea_2.3.0_license.txt"/>
       	<licensePdfFile name="TIB_tea_2.3.0_license.pdf"/>
		
	</documentation>	
	
	<installerFeature installLocation="${tea.home}/hotfix" name="server" version="2.3.0.001">
        <assemblyList>
        		<assembly uid="product_tibco_tea_server_hf" version="2.3.0.002"/>	
        </assemblyList>		        
		<dependency description="TEA Server" mustBeInstalled="true" type="feature" uid="server_teaserver" version="2.3.0"/>		
    </installerFeature>    	  
    	
</TIBCOInstallerFeatures>